H,multiplier,lower,upper,impulse,response,ci,ci_label,ci_tag,tag,p_used
4,8.280084538956206e-4,-0.07622492582785576,0.08715175005224644,v,ga,0.999,99.9%,999,baseline_mean_winsor,4
8,0.008761442652394492,-0.1290108366278258,0.15652655373209767,v,ga,0.999,99.9%,999,baseline_mean_winsor,4
12,0.012278920391454182,-0.17631507443635427,0.20759298577481924,v,ga,0.999,99.9%,999,baseline_mean_winsor,4
