H,multiplier,lower,upper,ci,ci_label,ci_tag,impulse,response,tag,p_used
4,0.006808204803923905,-0.011166679818212538,0.020050979139114838,0.68,68%,68,v,gw,baseline_mean_winsor,4
8,0.015155912540656687,-0.014099072141628779,0.03578258551158449,0.68,68%,68,v,gw,baseline_mean_winsor,4
12,0.01868665723812361,-0.018178736099088412,0.04325209484462808,0.68,68%,68,v,gw,baseline_mean_winsor,4
