H,multiplier,lower,upper,ci,ci_label,ci_tag,impulse,response,tag,p_used
4,0.006808204803923905,-0.03764135951459146,0.046231630971361466,0.99,99%,99,v,gw,baseline_mean_winsor,4
8,0.015155912540656687,-0.05718481030655452,0.08032779100939383,0.99,99%,99,v,gw,baseline_mean_winsor,4
12,0.01868665723812361,-0.07142184687086725,0.10034368145710386,0.99,99%,99,v,gw,baseline_mean_winsor,4
