H,multiplier,lower,upper,impulse,response,ci,ci_label,ci_tag,tag,p_used
4,8.280084538956206e-4,-0.020041922158678963,0.022188681498350942,v,ga,0.68,68%,68,baseline_mean_winsor,4
8,0.008761442652394492,-0.030897441681995607,0.0457445232996943,v,ga,0.68,68%,68,baseline_mean_winsor,4
12,0.012278920391454182,-0.04246097603479741,0.06134410516639949,v,ga,0.68,68%,68,baseline_mean_winsor,4
