H,multiplier,lower,upper,ci,ci_label,ci_tag,impulse,response,tag,p_used
4,0.006808204803923905,-0.026986844989743356,0.034990079213432,0.95,95%,95,v,gw,baseline_mean_winsor,4
8,0.015155912540656687,-0.039188383238058684,0.06127045418232883,0.95,95%,95,v,gw,baseline_mean_winsor,4
12,0.01868665723812361,-0.04904020614217116,0.07576503731580501,0.95,95%,95,v,gw,baseline_mean_winsor,4
