H,multiplier,lower,upper,ci,ci_label,ci_tag,impulse,response,tag,p_used
4,0.006808204803923905,-0.045782335575561404,0.05821360217809212,0.999,99.9%,999,v,gw,baseline_mean_winsor,4
8,0.015155912540656687,-0.07314043474768957,0.10258250326670829,0.999,99.9%,999,v,gw,baseline_mean_winsor,4
12,0.01868665723812361,-0.09279343513522081,0.12964270549568882,0.999,99.9%,999,v,gw,baseline_mean_winsor,4
