H,multiplier,lower,upper,impulse,response,ci,ci_label,ci_tag,tag,p_used
4,8.280084538956206e-4,-0.058853435059879715,0.06313846082959268,v,ga,0.99,99%,99,baseline_mean_winsor,4
8,0.008761442652394492,-0.09876713868433247,0.11905929869291029,v,ga,0.99,99%,99,baseline_mean_winsor,4
12,0.012278920391454182,-0.133202504699039,0.15978991884374907,v,ga,0.99,99%,99,baseline_mean_winsor,4
