H,multiplier,lower,upper,impulse,response,ci,ci_label,ci_tag,tag,p_used
4,8.280084538956206e-4,-0.034993951088958815,0.036339130824284985,v,ga,0.9,90%,90,baseline_mean_winsor,4
8,0.008761442652394492,-0.05774297465879462,0.0724606993293427,v,ga,0.9,90%,90,baseline_mean_winsor,4
12,0.012278920391454182,-0.0778593451129596,0.09712812453796002,v,ga,0.9,90%,90,baseline_mean_winsor,4
