H,multiplier,lower,upper,ci,ci_label,ci_tag,impulse,response,tag,p_used
4,0.006808204803923905,-0.021586170669107903,0.03012617315360497,0.9,90%,90,v,gw,baseline_mean_winsor,4
8,0.015155912540656687,-0.03056345848803155,0.05284445094651547,0.9,90%,90,v,gw,baseline_mean_winsor,4
12,0.01868665723812361,-0.038324945765580314,0.06477498871390654,0.9,90%,90,v,gw,baseline_mean_winsor,4
