stable,max_root_mod,serial_p,arch_p,tag,p_bic,p_aic
TRUE,0.7332584947945875,0.001149029860001094,0.9999999994830188,robust_median,1,6
