stable,max_root_mod,serial_p,arch_p,tag,p_used
TRUE,0.966583060183427,0.41008530968784407,0.9999999999982201,robust_mean_nowinsor,4
