stable,max_root_mod,serial_p,arch_p,tag,p_used
TRUE,0.9625380996287926,0.2927767847686067,0.9999999999982201,robust_median,4
