spec,variable,T,beta_t_simple,p_t_simple,r2_simple,beta_t_seas,p_t_seas,r2_seas
Baseline (mean winsor),ga,59,-1.4316608237691976e-4,0.7850410662666552,0.0013158176361902567,-1.7792378972566217e-4,0.6478076958540636,0.4808687512197557
Baseline (mean winsor),gw,59,-4.101086462451389e-4,0.20285372579389466,0.02829311079161675,-4.131720329531051e-4,0.20944561985103224,0.04058686319877577
Baseline (mean winsor),v,59,-2.9624018084539917e-4,0.15801697261341124,0.03465896266700326,-3.0689746346718795e-4,0.14250652259119995,0.09467549501601782
Robustez (mean no-winsor),ga,59,-1.4316608237691976e-4,0.7850410662666552,0.0013158176361902567,-1.7792378972566217e-4,0.6478076958540636,0.4808687512197557
Robustez (mean no-winsor),gw,59,-4.2940155264187735e-4,0.22393427676664357,0.02583549780040213,-4.357002360943013e-4,0.22703160460821742,0.039747353573347834
Robustez (mean no-winsor),v,59,-2.9624018084539917e-4,0.15801697261341124,0.03465896266700326,-3.0689746346718795e-4,0.14250652259119995,0.09467549501601782
Robustez (median),ga,59,-1.4316608237691976e-4,0.7850410662666552,0.0013158176361902567,-1.7792378972566217e-4,0.6478076958540636,0.4808687512197557
Robustez (median),gw,59,-4.591834068064184e-4,0.15751520871101674,0.03474128353879178,-4.489022240910604e-4,0.17213387853996887,0.0652302775655688
Robustez (median),v,59,-2.9624018084539917e-4,0.15801697261341124,0.03465896266700326,-3.0689746346718795e-4,0.14250652259119995,0.09467549501601782
